driverId,name,ssn,location,certified,wage-plan
10,Andrea Ramirez,486-91-0460,"442 Nathan Unions
Lopezstad, RI 51022",N,miles
11,Rachael Stone,280-58-0682,"502 Johnson Extension Apt. 777
Schultzville, MO 57952",N,hours
12,Matthew Park,780-38-1703,"791 Vazquez Terrace Suite 391
Michelebury, KY 84152",Y,hours
13,Christopher Wright,576-60-3630,"5712 Michael Fords Apt. 069
New Marcus, FM 89406",Y,miles
14,Candace Ewing,630-44-6206,"8913 Anne Radial
Allisonport, HI 67498",N,hours
15,John Long,465-82-6427,"590 Gray Ports
Martinezstad, MN 50586",Y,miles
16,Heidi Patel,828-10-1865,"6328 Alexander Courts
East Michael, NV 68554",N,miles
17,Katie Sanders,171-31-5227,"45998 Brad Dale Apt. 762
South Robertchester, MO 49746",Y,hours
18,Jeffrey Carey,706-85-0125,"17978 Morris Knoll Apt. 018
East Mary, AL 76738",N,hours
19,Heidi Diaz,253-24-2030,"1141 Tiffany Well Suite 993
Keithbury, VT 55325",N,hours
20,Karl Martinez,246-88-2730,"3023 Laura Forge Suite 545
West Mark, PA 57004",Y,hours
21,Erika Roberts,117-28-3621,"4152 Horton Dam Suite 107
New Emilyfort, CA 40381",Y,miles
22,Brenda Bryan,205-74-6001,"PSC 0633, Box 6619
APO AA 08454",N,hours
23,Henry Price,800-94-6045,"67971 Thomas Grove
Jacksonview, ND 30293",Y,miles
24,Nicole Ward,043-66-8755,"91102 Sherman Shores
Hodgeberg, NM 34374",Y,hours
25,Jennifer Hawkins,207-52-9639,"095 Juan Ridge Suite 478
Port Andreton, AS 48063",N,hours
26,Ariel Brown,061-41-3684,"6373 Darlene Landing Apt. 926
New Donna, OK 88007",Y,miles
27,Suzanne Gonzalez,080-39-5232,"38039 Thomas Locks
South Stephenburgh, SD 32603",Y,miles
28,Daniel Tanner,568-07-8305,"USS Bishop
FPO AP 58276",Y,hours
29,Ashley Wilson,553-85-1265,"283 Burton Trail Apt. 805
West Jessicaborough, FL 40110",N,hours
30,Maria Park,039-86-2464,"939 Gonzales Brook
Myersfurt, VA 38628",Y,hours
31,Eric Harris,138-81-4799,"Unit 0253 Box 5493
DPO AA 00644",N,hours
32,Beth Woodward,722-47-5975,"886 Brenda Lane
Bennettport, NE 41734",Y,hours
33,Susan Matthews,153-06-9467,"041 Riley Square
Edwardmouth, VT 13753",N,miles
34,Heather Haynes,634-45-2480,"PSC 3427, Box 8373
APO AE 96843",N,hours
35,Sarah Campbell,725-08-4771,"049 Ballard Hills Apt. 759
Moranhaven, LA 18503",N,miles
36,Cynthia Martinez,894-18-7043,"PSC 9471, Box 7196
APO AP 87727",N,hours
37,Eric Miller,716-92-4496,"USNS Brown
FPO AE 74580",Y,miles
38,Scott Johnson,593-46-5275,"USCGC George
FPO AP 07651",Y,miles
39,Bradley Taylor,568-03-5750,"6665 Robert Causeway Suite 703
West Megan, DC 10136",Y,hours
40,Robert Webb,858-81-5159,"243 Burns Way Suite 755
Wendyton, TN 41297",N,miles
41,Susan Nguyen,338-14-6215,"222 Joann Mountains Suite 270
Robertfort, SD 90953",N,miles
42,Helen Stone,713-85-3997,"7712 Martin Meadow
West Jennifer, KS 25143",N,hours
43,Taylor Ramirez,252-23-0442,"3194 Williams Route Apt. 444
Brianhaven, NH 60746",N,miles
44,Michael Perez,043-13-1344,"010 Parks Parks
North Davidborough, WV 88988",N,hours
45,Edwin Vega,486-85-2737,"0873 Dawn Drive
Spencermouth, IL 59290",Y,miles
46,Patricia Lamb,408-83-5766,"PSC 0699, Box 4364
APO AP 05305",N,hours
47,Michael Wade,868-01-1450,"617 Lee Lakes
West Garyton, AS 90122",Y,hours
48,Amanda Smith,698-10-2825,"7985 Tracey Dam Apt. 794
Danielport, MO 74708",N,miles
49,Tracey Luna,527-57-8440,"PSC 1274, Box 2622
APO AE 72744",Y,hours
50,Reginald Rose,836-66-3731,"1221 Michelle Prairie Apt. 571
North Mariamouth, KS 77131",Y,miles
51,John Shields,780-04-0816,"92045 Alexander Falls Suite 913
Adamsborough, OH 73527",Y,hours
52,Michael Tran,650-93-9170,"3229 Riley Mission
West Michael, MH 45866",Y,hours
53,Joseph Cunningham,460-98-2246,"22902 Jonathan Springs
Lake Joanne, NJ 13904",Y,hours
54,Makayla Johnson,814-52-5627,"202 Eric Walks Suite 472
Lake Derektown, AS 67354",N,hours
55,Alexander Mcpherson,513-54-9804,"3272 Deborah Roads Suite 925
New Coltonville, UT 73318",N,hours
56,Curtis Gentry,641-22-5120,"PSC 0722, Box 8689
APO AA 88082",N,miles
57,Norma Harvey,181-61-6801,"Unit 6120 Box 0138
DPO AA 98299",N,miles
58,Timothy Aguirre,059-49-1484,"Unit 1622 Box 7915
DPO AP 81394",N,miles
59,Peter Mcdonald,007-71-5897,"0939 Mary Station Apt. 307
South Vanessaport, NV 60142",N,miles
60,Matthew Gomez,203-63-3177,"USCGC Morrison
FPO AA 53844",Y,miles
61,Richard Clark,027-53-4023,"USNS Fisher
FPO AE 19392",N,miles
62,Rachael Lee,802-40-3940,"51513 Horne Cliffs Apt. 159
South Amanda, TN 74013",N,hours
63,Jennifer Campbell,769-69-0223,"046 Dawson Locks Apt. 449
West Rebecca, CA 43389",Y,hours
64,Jennifer Williams,248-45-8371,"4014 Brown Isle
Lake Kyle, GA 14314",N,hours
65,Ronald Hernandez,102-49-2460,"99890 Amanda Mews Apt. 707
Matthewville, MO 57781",N,hours
66,Dylan Medina,718-82-7100,"96286 Bowman Summit
Washingtonborough, OR 14434",Y,hours
67,Brandon Kirby,515-36-9122,"7134 Jennifer Fall
South Richardberg, ID 92023",N,miles
68,Kathryn Wolf,662-73-1751,"28739 Oliver Junctions
Port Amanda, OR 65352",N,miles
69,Ashley Stanley,521-80-0667,"Unit 0106 Box 9132
DPO AA 05404",N,hours
70,Jessica Thompson,576-22-3560,"677 Derek Circle
New Aprilshire, CO 95038",Y,miles
71,Mrs. Kimberly Hall,803-01-7925,"3673 David Key Suite 091
Claytonland, NY 28361",Y,hours
72,Kayla Cruz,107-66-0977,"88786 Kelly Lane Suite 647
South Crystal, ND 04266",Y,hours
73,Brenda Sanchez,345-52-2772,"909 Lisa Place
East Chrismouth, UT 34901",N,hours
74,Bryan Nguyen,668-91-4734,"280 Ramirez Ways
Susantown, NJ 44597",Y,miles
75,Joseph Smith,712-08-3017,"8843 Jennifer Mews
Port Dustin, NJ 81392",N,miles
76,William Alexander,044-93-9856,"USS Moore
FPO AE 35598",N,miles
77,Catherine Ward,505-54-6601,"676 Coffey Springs
East Susanstad, MH 18498",Y,miles
78,Dr. Alexander Miller,780-55-2530,"7663 Rodriguez Roads
West Robin, WY 30787",Y,hours
79,Felicia Flores,033-85-1701,"13752 White Trail Apt. 304
Lake Amber, TN 39919",Y,miles
80,Elizabeth Koch,796-28-9483,"Unit 4318 Box 2169
DPO AP 57500",N,hours
81,Ross Ellis,298-46-2390,"4453 Mcguire Rest Suite 667
North Jonathanport, IL 61091",Y,hours
82,Brianna Daniels,097-29-5749,"287 Shawn Rapid
North Amandaland, IN 61646",Y,hours
83,Mario Daniels,386-10-7762,"82964 Bonnie Roads Suite 914
Brandonbury, OR 39357",N,hours
84,Rebecca Newman,670-63-2587,"8657 Herrera Ville
Thomasbury, SD 23244",N,miles
85,Bethany Jenkins,826-73-6457,"5238 Gonzalez Forks
North Juanview, RI 17996",Y,hours
86,Christina Franklin,793-21-7151,"0854 Brenda Mall Apt. 294
Barbaraville, KS 37870",Y,miles
87,Sierra Adams,869-89-3015,"00076 William Crossing
West Stephanie, SC 28700",N,miles
88,Laura Lee,083-03-5311,"2873 Bonnie Creek
Hubbardside, MO 45002",Y,hours
89,Jennifer Johnson,480-52-1662,"77043 Dyer Estate Apt. 323
North Lisaside, AZ 82451",Y,miles
90,Jeremy Moore,768-44-8634,"PSC 3603, Box 3363
APO AE 18760",Y,hours
91,Paul Clark,861-86-3321,"439 Danny Trail Suite 477
Grayside, UT 11973",Y,hours
92,Sarah Moore,229-44-5082,"607 Davis Keys
East Nichole, CO 85624",N,hours
93,Dr. Gina Ayala,490-73-7019,"13765 Horn Crescent Suite 011
Coxview, FL 94955",N,hours
94,Gregory Morgan,025-30-9276,"401 Bethany Glen
Peckburgh, WV 80211",Y,miles
95,Jillian Vargas,154-94-0712,"9727 Kathleen Pine Apt. 913
Port Juan, MO 52472",N,miles
96,Roger Thornton,004-45-9591,"531 Nicole Rest
Port Alanfort, VI 52426",N,miles
97,Terri Reed,559-15-7966,"42361 Jeffery Flat
Lake Kelly, OK 24223",Y,miles
98,Diane Scott,495-30-5304,"0977 Aaron Tunnel Suite 952
Larrymouth, MH 62609",N,hours
99,Joshua Pierce,702-19-5696,"USS Alvarez
FPO AA 41507",N,miles
100,Carla Anderson,044-45-0615,"99717 Matthew Ford
Brandonberg, AR 68314",Y,miles
101,James Doyle,358-24-6312,"498 Nguyen Crescent
Grahamhaven, WV 06382",N,hours
102,Jennifer Villarreal,031-75-0264,"USS Lee
FPO AE 05720",N,miles
103,Mrs. Brittany Martinez,047-36-6358,"4064 Brian Mall
West Jason, FM 22552",N,miles
104,Kathleen Alvarado,835-07-2365,"6111 Michele Trail
Michaelfort, SC 02638",Y,miles
105,Thomas Frye,325-38-6014,"54082 Jensen Motorway Suite 960
Susanton, MD 26309",Y,hours
106,Erin Griffith,314-44-2182,"08474 Carlos Curve Suite 569
Lake Lauraborough, UT 55441",N,hours
107,Darrell Torres,246-90-6476,"61331 Rhonda Hill Suite 178
Andersonstad, MD 76270",N,miles
108,Craig Castaneda,204-59-7214,"23363 Hall Mews
East Nicoleberg, PW 07330",Y,miles
109,Brian Goodman,319-27-9226,"2130 Cannon Parkway
Williamsland, VI 70955",Y,hours
